{"Atelectasis": 0.5222739577293396, "Consolidation": 0.229399636387825, "Infiltration": 0.49659833312034607, "Pneumothorax": 0.1289217323064804, "Edema": 0.2149377316236496, "Emphysema": 0.5123358964920044, "Fibrosis": 0.11297295242547989, "Effusion": 0.22416357696056366, "Pneumonia": 0.5836261510848999, "Pleural_Thickening": 0.5165842771530151, "Cardiomegaly": 0.4366244077682495, "Nodule": 0.4428308606147766, "Mass": 0.12743045389652252, "Hernia": 0.21528548002243042, "Lung Lesion": 0.28253746032714844, "Fracture": 0.50003582239151, "Lung Opacity": 0.6153361201286316, "Enlarged Cardiomediastinum": 0.5159304141998291}